ID,y
6001,C2
6002,C2
6003,C2
6004,C2
6005,C2
6006,C2
6007,C2
6008,C2
6009,C2
6010,C2
6011,C2
6012,C2
6013,C2
6014,C2
6015,C2
6016,C2
6017,C2
6018,C2
6019,C2
6020,C2
6021,C2
6022,C2
6023,C2
6024,C2
6025,C2
6026,C2
6027,C2
6028,C2
6029,C2
6030,C2
6031,C2
6032,C2
6033,C2
6034,C2
6035,C2
6036,C2
6037,C2
6038,C2
6039,C2
6040,C2
6041,C2
6042,C2
6043,C2
6044,C2
6045,C2
6046,C2
6047,C2
6048,C2
6049,C2
6050,C2
6051,C2
6052,C2
6053,C2
6054,C2
6055,C2
6056,C2
6057,C2
6058,C2
6059,C2
6060,C2
6061,C2
6062,C2
6063,C2
6064,C2
6065,C2
6066,C2
6067,C2
6068,C2
6069,C2
6070,C2
6071,C2
6072,C2
6073,C2
6074,C2
6075,C2
6076,C2
6077,C2
6078,C2
6079,C2
6080,C2
6081,C2
6082,C2
6083,C2
6084,C2
6085,C2
6086,C2
6087,C2
6088,C2
6089,C2
6090,C2
6091,C2
6092,C2
6093,C2
6094,C2
6095,C2
6096,C2
6097,C2
6098,C2
6099,C2
6100,C2
6101,C2
6102,C2
6103,C2
6104,C2
6105,C2
6106,C2
6107,C2
6108,C2
6109,C2
6110,C2
6111,C2
6112,C2
6113,C2
6114,C2
6115,C2
6116,C2
6117,C2
6118,C2
6119,C2
6120,C2
6121,C2
6122,C2
6123,C2
6124,C2
6125,C2
6126,C2
6127,C2
6128,C2
6129,C2
6130,C2
6131,C2
6132,C2
6133,C2
6134,C2
6135,C2
6136,C2
6137,C2
6138,C2
6139,C2
6140,C2
6141,C2
6142,C2
6143,C2
6144,C2
6145,C2
6146,C2
6147,C2
6148,C2
6149,C2
6150,C2
6151,C2
6152,C2
6153,C2
6154,C2
6155,C2
6156,C2
6157,C2
6158,C2
6159,C2
6160,C2
6161,C2
6162,C2
6163,C2
6164,C2
6165,C2
6166,C2
6167,C2
6168,C2
6169,C2
6170,C2
6171,C2
6172,C2
6173,C2
6174,C2
6175,C2
6176,C2
6177,C2
6178,C2
6179,C2
6180,C2
6181,C2
6182,C2
6183,C2
6184,C2
6185,C2
6186,C2
6187,C2
6188,C2
6189,C2
6190,C2
6191,C2
6192,C2
6193,C2
6194,C2
6195,C2
6196,C2
6197,C2
6198,C2
6199,C2
6200,C2
6201,C2
6202,C2
6203,C2
6204,C2
6205,C2
6206,C2
6207,C2
6208,C2
6209,C2
6210,C2
6211,C2
6212,C2
6213,C2
6214,C2
6215,C2
6216,C2
6217,C2
6218,C2
6219,C2
6220,C2
6221,C2
6222,C2
6223,C2
6224,C2
6225,C2
6226,C2
6227,C2
6228,C2
6229,C2
6230,C2
6231,C2
6232,C2
6233,C2
6234,C2
6235,C2
6236,C2
6237,C2
6238,C2
6239,C2
6240,C2
6241,C2
6242,C2
6243,C2
6244,C2
6245,C2
6246,C2
6247,C2
6248,C2
6249,C2
6250,C2
6251,C2
6252,C2
6253,C2
6254,C2
6255,C2
6256,C2
6257,C2
6258,C2
6259,C2
6260,C2
6261,C2
6262,C2
6263,C2
6264,C2
6265,C2
6266,C2
6267,C2
6268,C2
6269,C2
6270,C2
6271,C2
6272,C2
6273,C2
6274,C2
6275,C2
6276,C2
6277,C2
6278,C2
6279,C2
6280,C2
6281,C2
6282,C2
6283,C2
6284,C2
6285,C2
6286,C2
6287,C2
6288,C2
6289,C2
6290,C2
6291,C2
6292,C2
6293,C2
6294,C2
6295,C2
6296,C2
6297,C2
6298,C2
6299,C2
6300,C2
6301,C2
6302,C2
6303,C2
6304,C2
6305,C2
6306,C2
6307,C2
6308,C2
6309,C2
6310,C2
6311,C2
6312,C2
6313,C2
6314,C2
6315,C2
6316,C2
6317,C2
6318,C2
6319,C2
6320,C2
6321,C2
6322,C2
6323,C2
6324,C2
6325,C2
6326,C2
6327,C2
6328,C2
6329,C2
6330,C2
6331,C2
6332,C2
6333,C2
6334,C2
6335,C2
6336,C2
6337,C2
6338,C2
6339,C2
6340,C2
6341,C2
6342,C2
6343,C2
6344,C2
6345,C2
6346,C2
6347,C2
6348,C2
6349,C2
6350,C2
6351,C2
6352,C2
6353,C2
6354,C2
6355,C2
6356,C2
6357,C2
6358,C2
6359,C2
6360,C2
6361,C2
6362,C2
6363,C2
6364,C2
6365,C2
6366,C2
6367,C2
6368,C2
6369,C2
6370,C2
6371,C2
6372,C2
6373,C2
6374,C2
6375,C2
6376,C2
6377,C2
6378,C2
6379,C2
6380,C2
6381,C2
6382,C2
6383,C2
6384,C2
6385,C2
6386,C2
6387,C2
6388,C2
6389,C2
6390,C2
6391,C2
6392,C2
6393,C2
6394,C2
6395,C2
6396,C2
6397,C2
6398,C2
6399,C2
6400,C2
6401,C2
6402,C2
6403,C2
6404,C2
6405,C2
6406,C2
6407,C2
6408,C2
6409,C2
6410,C2
6411,C2
6412,C2
6413,C2
6414,C2
6415,C2
6416,C2
6417,C2
6418,C2
6419,C2
6420,C2
6421,C2
6422,C2
6423,C2
6424,C2
6425,C2
6426,C2
6427,C2
6428,C2
6429,C2
6430,C2
6431,C2
6432,C2
6433,C2
6434,C2
6435,C2
6436,C2
6437,C2
6438,C2
6439,C2
6440,C2
6441,C2
6442,C2
6443,C2
6444,C2
6445,C2
6446,C2
6447,C2
6448,C2
6449,C2
6450,C2
6451,C2
6452,C2
6453,C2
6454,C2
6455,C2
6456,C2
6457,C2
6458,C2
6459,C2
6460,C2
6461,C2
6462,C2
6463,C2
6464,C2
6465,C2
6466,C2
6467,C2
6468,C2
6469,C2
6470,C2
6471,C2
6472,C2
6473,C2
6474,C2
6475,C2
6476,C2
6477,C2
6478,C2
6479,C2
6480,C2
6481,C2
6482,C2
6483,C2
6484,C2
6485,C2
6486,C2
6487,C2
6488,C2
6489,C2
6490,C2
6491,C2
6492,C2
6493,C2
6494,C2
6495,C2
6496,C2
6497,C2
6498,C2
6499,C2
6500,C2
6501,C2
6502,C2
6503,C2
6504,C2
6505,C2
6506,C2
6507,C2
6508,C2
6509,C2
6510,C2
6511,C2
6512,C2
6513,C2
6514,C2
6515,C2
6516,C2
6517,C2
6518,C2
6519,C2
6520,C2
6521,C2
6522,C2
6523,C2
6524,C2
6525,C2
6526,C2
6527,C2
6528,C2
6529,C2
6530,C2
6531,C2
6532,C2
6533,C2
6534,C2
6535,C2
6536,C2
6537,C2
6538,C2
6539,C2
6540,C2
6541,C2
6542,C2
6543,C2
6544,C2
6545,C2
6546,C2
6547,C2
6548,C2
6549,C2
6550,C2
6551,C2
6552,C2
6553,C2
6554,C2
6555,C2
6556,C2
6557,C2
6558,C2
6559,C2
6560,C2
6561,C2
6562,C2
6563,C2
6564,C2
6565,C2
6566,C2
6567,C2
6568,C2
6569,C2
6570,C2
6571,C2
6572,C2
6573,C2
6574,C2
6575,C2
6576,C2
6577,C2
6578,C2
6579,C2
6580,C2
6581,C2
6582,C2
6583,C2
6584,C2
6585,C2
6586,C2
6587,C2
6588,C2
6589,C2
6590,C2
6591,C2
6592,C2
6593,C2
6594,C2
6595,C2
6596,C2
6597,C2
6598,C2
6599,C2
6600,C2
6601,C2
6602,C2
6603,C2
6604,C2
6605,C2
6606,C2
6607,C2
6608,C2
6609,C2
6610,C2
6611,C2
6612,C2
6613,C2
6614,C2
6615,C2
6616,C2
6617,C2
6618,C2
6619,C2
6620,C2
6621,C2
6622,C2
6623,C2
6624,C2
6625,C2
6626,C2
6627,C2
6628,C2
6629,C2
6630,C2
6631,C2
6632,C2
6633,C2
6634,C2
6635,C2
6636,C2
6637,C2
6638,C2
6639,C2
6640,C2
6641,C2
6642,C2
6643,C2
6644,C2
6645,C2
6646,C2
6647,C2
6648,C2
6649,C2
6650,C2
6651,C2
6652,C2
6653,C2
6654,C2
6655,C2
6656,C2
6657,C2
6658,C2
6659,C2
6660,C2
6661,C2
6662,C2
6663,C2
6664,C2
6665,C2
6666,C2
6667,C2
6668,C2
6669,C2
6670,C2
6671,C2
6672,C2
6673,C2
6674,C2
6675,C2
6676,C2
6677,C2
6678,C2
6679,C2
6680,C2
6681,C2
6682,C2
6683,C2
6684,C2
6685,C2
6686,C2
6687,C2
6688,C2
6689,C2
6690,C2
6691,C2
6692,C2
6693,C2
6694,C2
6695,C2
6696,C2
6697,C2
6698,C2
6699,C2
6700,C2
6701,C2
6702,C2
6703,C2
6704,C2
6705,C2
6706,C2
6707,C2
6708,C2
6709,C2
6710,C2
6711,C2
6712,C2
6713,C2
6714,C2
6715,C2
6716,C2
6717,C2
6718,C2
6719,C2
6720,C2
6721,C2
6722,C2
6723,C2
6724,C2
6725,C2
6726,C2
6727,C2
6728,C2
6729,C2
6730,C2
6731,C2
6732,C2
6733,C2
6734,C2
6735,C2
6736,C2
6737,C2
6738,C2
6739,C2
6740,C2
6741,C2
6742,C2
6743,C2
6744,C2
6745,C2
6746,C2
6747,C2
6748,C2
6749,C2
6750,C2
6751,C2
6752,C2
6753,C2
6754,C2
6755,C2
6756,C2
6757,C2
6758,C2
6759,C2
6760,C2
6761,C2
6762,C2
6763,C2
6764,C2
6765,C2
6766,C2
6767,C2
6768,C2
6769,C2
6770,C2
6771,C2
6772,C2
6773,C2
6774,C2
6775,C2
6776,C2
6777,C2
6778,C2
6779,C2
6780,C2
6781,C2
6782,C2
6783,C2
6784,C2
6785,C2
6786,C2
6787,C2
6788,C2
6789,C2
6790,C2
6791,C2
6792,C2
6793,C2
6794,C2
6795,C2
6796,C2
6797,C2
6798,C2
6799,C2
6800,C2
6801,C2
6802,C2
6803,C2
6804,C2
6805,C2
6806,C2
6807,C2
6808,C2
6809,C2
6810,C2
6811,C2
6812,C2
6813,C2
6814,C2
6815,C2
6816,C2
6817,C2
6818,C2
6819,C2
6820,C2
6821,C2
6822,C2
6823,C2
6824,C2
6825,C2
6826,C2
6827,C2
6828,C2
6829,C2
6830,C2
6831,C2
6832,C2
6833,C2
6834,C2
6835,C2
6836,C2
6837,C2
6838,C2
6839,C2
6840,C2
6841,C2
6842,C2
6843,C2
6844,C2
6845,C2
6846,C2
6847,C2
6848,C2
6849,C2
6850,C2
6851,C2
6852,C2
6853,C2
6854,C2
6855,C2
6856,C2
6857,C2
6858,C2
6859,C2
6860,C2
6861,C2
6862,C2
6863,C2
6864,C2
6865,C2
6866,C2
6867,C2
6868,C2
6869,C2
6870,C2
6871,C2
6872,C2
6873,C2
6874,C2
6875,C2
6876,C2
6877,C2
6878,C2
6879,C2
6880,C2
6881,C2
6882,C2
6883,C2
6884,C2
6885,C2
6886,C2
6887,C2
6888,C2
6889,C2
6890,C2
6891,C2
6892,C2
6893,C2
6894,C2
6895,C2
6896,C2
6897,C2
6898,C2
6899,C2
6900,C2
6901,C2
6902,C2
6903,C2
6904,C2
6905,C2
6906,C2
6907,C2
6908,C2
6909,C2
6910,C2
6911,C2
6912,C2
6913,C2
6914,C2
6915,C2
6916,C2
6917,C2
6918,C2
6919,C2
6920,C2
6921,C2
6922,C2
6923,C2
6924,C2
6925,C2
6926,C2
6927,C2
6928,C2
6929,C2
6930,C2
6931,C2
6932,C2
6933,C2
6934,C2
6935,C2
6936,C2
6937,C2
6938,C2
6939,C2
6940,C2
6941,C2
6942,C2
6943,C2
6944,C2
6945,C2
6946,C2
6947,C2
6948,C2
6949,C2
6950,C2
6951,C2
6952,C2
6953,C2
6954,C2
6955,C2
6956,C2
6957,C2
6958,C2
6959,C2
6960,C2
6961,C2
6962,C2
6963,C2
6964,C2
6965,C2
6966,C2
6967,C2
6968,C2
6969,C2
6970,C2
6971,C2
6972,C2
6973,C2
6974,C2
6975,C2
6976,C2
6977,C2
6978,C2
6979,C2
6980,C2
6981,C2
6982,C2
6983,C2
6984,C2
6985,C2
6986,C2
6987,C2
6988,C2
6989,C2
6990,C2
6991,C2
6992,C2
6993,C2
6994,C2
6995,C2
6996,C2
6997,C2
6998,C2
6999,C2
7000,C2
7001,C2
7002,C2
7003,C2
7004,C2
7005,C2
7006,C2
7007,C2
7008,C2
7009,C2
7010,C2
7011,C2
7012,C2
7013,C2
7014,C2
7015,C2
7016,C2
7017,C2
7018,C2
7019,C2
7020,C2
7021,C2
7022,C2
7023,C2
7024,C2
7025,C2
7026,C2
7027,C2
7028,C2
7029,C2
7030,C2
7031,C2
7032,C2
7033,C2
7034,C2
7035,C2
7036,C2
7037,C2
7038,C2
7039,C2
7040,C2
7041,C2
7042,C2
7043,C2
7044,C2
7045,C2
7046,C2
7047,C2
7048,C2
7049,C2
7050,C2
7051,C2
7052,C2
7053,C2
7054,C2
7055,C2
7056,C2
7057,C2
7058,C2
7059,C2
7060,C2
7061,C2
7062,C2
7063,C2
7064,C2
7065,C2
7066,C2
7067,C2
7068,C2
7069,C2
7070,C2
7071,C2
7072,C2
7073,C2
7074,C2
7075,C2
7076,C2
7077,C2
7078,C2
7079,C2
7080,C2
7081,C2
7082,C2
7083,C2
7084,C2
7085,C2
7086,C2
7087,C2
7088,C2
7089,C2
7090,C2
7091,C2
7092,C2
7093,C2
7094,C2
7095,C2
7096,C2
7097,C2
7098,C2
7099,C2
7100,C2
7101,C2
7102,C2
7103,C2
7104,C2
7105,C2
7106,C2
7107,C2
7108,C2
7109,C2
7110,C2
7111,C2
7112,C2
7113,C2
7114,C2
7115,C2
7116,C2
7117,C2
7118,C2
7119,C2
7120,C2
7121,C2
7122,C2
7123,C2
7124,C2
7125,C2
7126,C2
7127,C2
7128,C2
7129,C2
7130,C2
7131,C2
7132,C2
7133,C2
7134,C2
7135,C2
7136,C2
7137,C2
7138,C2
7139,C2
7140,C2
7141,C2
7142,C2
7143,C2
7144,C2
7145,C2
7146,C2
7147,C2
7148,C2
7149,C2
7150,C2
7151,C2
7152,C2
7153,C2
7154,C2
7155,C2
7156,C2
7157,C2
7158,C2
7159,C2
7160,C2
7161,C2
7162,C2
7163,C2
7164,C2
7165,C2
7166,C2
7167,C2
7168,C2
7169,C2
7170,C2
7171,C2
7172,C2
7173,C2
7174,C2
7175,C2
7176,C2
7177,C2
7178,C2
7179,C2
7180,C2
7181,C2
7182,C2
7183,C2
7184,C2
7185,C2
7186,C2
7187,C2
7188,C2
7189,C2
7190,C2
7191,C2
7192,C2
7193,C2
7194,C2
7195,C2
7196,C2
7197,C2
7198,C2
7199,C2
7200,C2
7201,C2
7202,C2
7203,C2
7204,C2
7205,C2
7206,C2
7207,C2
7208,C2
7209,C2
7210,C2
7211,C2
7212,C2
7213,C2
7214,C2
7215,C2
7216,C2
7217,C2
7218,C2
7219,C2
7220,C2
7221,C2
7222,C2
7223,C2
7224,C2
7225,C2
7226,C2
7227,C2
7228,C2
7229,C2
7230,C2
7231,C2
7232,C2
7233,C2
7234,C2
7235,C2
7236,C2
7237,C2
7238,C2
7239,C2
7240,C2
7241,C2
7242,C2
7243,C2
7244,C2
7245,C2
7246,C2
7247,C2
7248,C2
7249,C2
7250,C2
7251,C2
7252,C2
7253,C2
7254,C2
7255,C2
7256,C2
7257,C2
7258,C2
7259,C2
7260,C2
7261,C2
7262,C2
7263,C2
7264,C2
7265,C2
7266,C2
7267,C2
7268,C2
7269,C2
7270,C2
7271,C2
7272,C2
7273,C2
7274,C2
7275,C2
7276,C2
7277,C2
7278,C2
7279,C2
7280,C2
7281,C2
7282,C2
7283,C2
7284,C2
7285,C2
7286,C2
7287,C2
7288,C2
7289,C2
7290,C2
7291,C2
7292,C2
7293,C2
7294,C2
7295,C2
7296,C2
7297,C2
7298,C2
7299,C2
7300,C2
7301,C2
7302,C2
7303,C2
7304,C2
7305,C2
7306,C2
7307,C2
7308,C2
7309,C2
7310,C2
7311,C2
7312,C2
7313,C2
7314,C2
7315,C2
7316,C2
7317,C2
7318,C2
7319,C2
7320,C2
7321,C2
7322,C2
7323,C2
7324,C2
7325,C2
7326,C2
7327,C2
7328,C2
7329,C2
7330,C2
7331,C2
7332,C2
7333,C2
7334,C2
7335,C2
7336,C2
7337,C2
7338,C2
7339,C2
7340,C2
7341,C2
7342,C2
7343,C2
7344,C2
7345,C2
7346,C2
7347,C2
7348,C2
7349,C2
7350,C2
7351,C2
7352,C2
7353,C2
7354,C2
7355,C2
7356,C2
7357,C2
7358,C2
7359,C2
7360,C2
7361,C2
7362,C2
7363,C2
7364,C2
7365,C2
7366,C2
7367,C2
7368,C2
7369,C2
7370,C2
7371,C2
7372,C2
7373,C2
7374,C2
7375,C2
7376,C2
7377,C2
7378,C2
7379,C2
7380,C2
7381,C2
7382,C2
7383,C2
7384,C2
7385,C2
7386,C2
7387,C2
7388,C2
7389,C2
7390,C2
7391,C2
7392,C2
7393,C2
7394,C2
7395,C2
7396,C2
7397,C2
7398,C2
7399,C2
7400,C2
7401,C2
7402,C2
7403,C2
7404,C2
7405,C2
7406,C2
7407,C2
7408,C2
7409,C2
7410,C2
7411,C2
7412,C2
7413,C2
7414,C2
7415,C2
7416,C2
7417,C2
7418,C2
7419,C2
7420,C2
7421,C2
7422,C2
7423,C2
7424,C2
7425,C2
7426,C2
7427,C2
7428,C2
7429,C2
7430,C2
7431,C2
7432,C2
7433,C2
7434,C2
7435,C2
7436,C2
7437,C2
7438,C2
7439,C2
7440,C2
7441,C2
7442,C2
7443,C2
7444,C2
7445,C2
7446,C2
7447,C2
7448,C2
7449,C2
7450,C2
7451,C2
7452,C2
7453,C2
7454,C2
7455,C2
7456,C2
7457,C2
7458,C2
7459,C2
7460,C2
7461,C2
7462,C2
7463,C2
7464,C2
7465,C2
7466,C2
7467,C2
7468,C2
7469,C2
7470,C2
7471,C2
7472,C2
7473,C2
7474,C2
7475,C2
7476,C2
7477,C2
7478,C2
7479,C2
7480,C2
7481,C2
7482,C2
7483,C2
7484,C2
7485,C2
7486,C2
7487,C2
7488,C2
7489,C2
7490,C2
7491,C2
7492,C2
7493,C2
7494,C2
7495,C2
7496,C2
7497,C2
7498,C2
7499,C2
7500,C2
7501,C2
7502,C2
7503,C2
7504,C2
7505,C2
7506,C2
7507,C2
7508,C2
7509,C2
7510,C2
7511,C2
7512,C2
7513,C2
7514,C2
7515,C2
7516,C2
7517,C2
7518,C2
7519,C2
7520,C2
7521,C2
7522,C2
7523,C2
7524,C2
7525,C2
7526,C2
7527,C2
7528,C2
7529,C2
7530,C2
7531,C2
7532,C2
7533,C2
7534,C2
7535,C2
7536,C2
7537,C2
7538,C2
7539,C2
7540,C2
7541,C2
7542,C2
7543,C2
7544,C2
7545,C2
7546,C2
7547,C2
7548,C2
7549,C2
7550,C2
7551,C2
7552,C2
7553,C2
7554,C2
7555,C2
7556,C2
7557,C2
7558,C2
7559,C2
7560,C2
7561,C2
7562,C2
7563,C2
7564,C2
7565,C2
7566,C2
7567,C2
7568,C2
7569,C2
7570,C2
7571,C2
7572,C2
7573,C2
7574,C2
7575,C2
7576,C2
7577,C2
7578,C2
7579,C2
7580,C2
7581,C2
7582,C2
7583,C2
7584,C2
7585,C2
7586,C2
7587,C2
7588,C2
7589,C2
7590,C2
7591,C2
7592,C2
7593,C2
7594,C2
7595,C2
7596,C2
7597,C2
7598,C2
7599,C2
7600,C2
7601,C2
7602,C2
7603,C2
7604,C2
7605,C2
7606,C2
7607,C2
7608,C2
7609,C2
7610,C2
7611,C2
7612,C2
7613,C2
7614,C2
7615,C2
7616,C2
7617,C2
7618,C2
7619,C2
7620,C2
7621,C2
7622,C2
7623,C2
7624,C2
7625,C2
7626,C2
7627,C2
7628,C2
7629,C2
7630,C2
7631,C2
7632,C2
7633,C2
7634,C2
7635,C2
7636,C2
7637,C2
7638,C2
7639,C2
7640,C2
7641,C2
7642,C2
7643,C2
7644,C2
7645,C2
7646,C2
7647,C2
7648,C2
7649,C2
7650,C2
7651,C2
7652,C2
7653,C2
7654,C2
7655,C2
7656,C2
7657,C2
7658,C2
7659,C2
7660,C2
7661,C2
7662,C2
7663,C2
7664,C2
7665,C2
7666,C2
7667,C2
7668,C2
7669,C2
7670,C2
7671,C2
7672,C2
7673,C2
7674,C2
7675,C2
7676,C2
7677,C2
7678,C2
7679,C2
7680,C2
7681,C2
7682,C2
7683,C2
7684,C2
7685,C2
7686,C2
7687,C2
7688,C2
7689,C2
7690,C2
7691,C2
7692,C2
7693,C2
7694,C2
7695,C2
7696,C2
7697,C2
7698,C2
7699,C2
7700,C2
7701,C2
7702,C2
7703,C2
7704,C2
7705,C2
7706,C2
7707,C2
7708,C2
7709,C2
7710,C2
7711,C2
7712,C2
7713,C2
7714,C2
7715,C2
7716,C2
7717,C2
7718,C2
7719,C2
7720,C2
7721,C2
7722,C2
7723,C2
7724,C2
7725,C2
7726,C2
7727,C2
7728,C2
7729,C2
7730,C2
7731,C2
7732,C2
7733,C2
7734,C2
7735,C2
7736,C2
7737,C2
7738,C2
7739,C2
7740,C2
7741,C2
7742,C2
7743,C2
7744,C2
7745,C2
7746,C2
7747,C2
7748,C2
7749,C2
7750,C2
7751,C2
7752,C2
7753,C2
7754,C2
7755,C2
7756,C2
7757,C2
7758,C2
7759,C2
7760,C2
7761,C2
7762,C2
7763,C2
7764,C2
7765,C2
7766,C2
7767,C2
7768,C2
7769,C2
7770,C2
7771,C2
7772,C2
7773,C2
7774,C2
7775,C2
7776,C2
7777,C2
7778,C2
7779,C2
7780,C2
7781,C2
7782,C2
7783,C2
7784,C2
7785,C2
7786,C2
7787,C2
7788,C2
7789,C2
7790,C2
7791,C2
7792,C2
7793,C2
7794,C2
7795,C2
7796,C2
7797,C2
7798,C2
7799,C2
7800,C2
7801,C2
7802,C2
7803,C2
7804,C2
7805,C2
7806,C2
7807,C2
7808,C2
7809,C2
7810,C2
7811,C2
7812,C2
7813,C2
7814,C2
7815,C2
7816,C2
7817,C2
7818,C2
7819,C2
7820,C2
7821,C2
7822,C2
7823,C2
7824,C2
7825,C2
7826,C2
7827,C2
7828,C2
7829,C2
7830,C2
7831,C2
7832,C2
7833,C2
7834,C2
7835,C2
7836,C2
7837,C2
7838,C2
7839,C2
7840,C2
7841,C2
7842,C2
7843,C2
7844,C2
7845,C2
7846,C2
7847,C2
7848,C2
7849,C2
7850,C2
7851,C2
7852,C2
7853,C2
7854,C2
7855,C2
7856,C2
7857,C2
7858,C2
7859,C2
7860,C2
7861,C2
7862,C2
7863,C2
7864,C2
7865,C2
7866,C2
7867,C2
7868,C2
7869,C2
7870,C2
7871,C2
7872,C2
7873,C2
7874,C2
7875,C2
7876,C2
7877,C2
7878,C2
7879,C2
7880,C2
7881,C2
7882,C2
7883,C2
7884,C2
7885,C2
7886,C2
7887,C2
7888,C2
7889,C2
7890,C2
7891,C2
7892,C2
7893,C2
7894,C2
7895,C2
7896,C2
7897,C2
7898,C2
7899,C2
7900,C2
7901,C2
7902,C2
7903,C2
7904,C2
7905,C2
7906,C2
7907,C2
7908,C2
7909,C2
7910,C2
7911,C2
7912,C2
7913,C2
7914,C2
7915,C2
7916,C2
7917,C2
7918,C2
7919,C2
7920,C2
7921,C2
7922,C2
7923,C2
7924,C2
7925,C2
7926,C2
7927,C2
7928,C2
7929,C2
7930,C2
7931,C2
7932,C2
7933,C2
7934,C2
7935,C2
7936,C2
7937,C2
7938,C2
7939,C2
7940,C2
7941,C2
7942,C2
7943,C2
7944,C2
7945,C2
7946,C2
7947,C2
7948,C2
7949,C2
7950,C2
7951,C2
7952,C2
7953,C2
7954,C2
7955,C2
7956,C2
7957,C2
7958,C2
7959,C2
7960,C2
7961,C2
7962,C2
7963,C2
7964,C2
7965,C2
7966,C2
7967,C2
7968,C2
7969,C2
7970,C2
7971,C2
7972,C2
7973,C2
7974,C2
7975,C2
7976,C2
7977,C2
7978,C2
7979,C2
7980,C2
7981,C2
7982,C2
7983,C2
7984,C2
7985,C2
7986,C2
7987,C2
7988,C2
7989,C2
7990,C2
7991,C2
7992,C2
7993,C2
7994,C2
7995,C2
7996,C2
7997,C2
7998,C2
7999,C2
8000,C2
8001,C2
8002,C2
8003,C2
8004,C2
8005,C2
8006,C2
8007,C2
8008,C2
8009,C2
8010,C2
8011,C2
8012,C2
8013,C2
8014,C2
8015,C2
8016,C2
8017,C2
8018,C2
8019,C2
8020,C2
8021,C2
8022,C2
8023,C2
8024,C2
8025,C2
8026,C2
8027,C2
8028,C2
8029,C2
8030,C2
8031,C2
8032,C2
8033,C2
8034,C2
8035,C2
8036,C2
8037,C2
8038,C2
8039,C2
8040,C2
8041,C2
8042,C2
8043,C2
8044,C2
8045,C2
8046,C2
8047,C2
8048,C2
8049,C2
8050,C2
8051,C2
8052,C2
8053,C2
8054,C2
8055,C2
8056,C2
8057,C2
8058,C2
8059,C2
8060,C2
8061,C2
8062,C2
8063,C2
8064,C2
8065,C2
8066,C2
8067,C2
8068,C2
8069,C2
8070,C2
8071,C2
8072,C2
8073,C2
8074,C2
8075,C2
8076,C2
8077,C2
8078,C2
8079,C2
8080,C2
8081,C2
8082,C2
8083,C2
8084,C2
8085,C2
8086,C2
8087,C2
8088,C2
8089,C2
8090,C2
8091,C2
8092,C2
8093,C2
8094,C2
8095,C2
8096,C2
8097,C2
8098,C2
8099,C2
8100,C2
8101,C2
8102,C2
8103,C2
8104,C2
8105,C2
8106,C2
8107,C2
8108,C2
8109,C2
8110,C2
8111,C2
8112,C2
8113,C2
8114,C2
8115,C2
8116,C2
8117,C2
8118,C2
8119,C2
8120,C2
8121,C2
8122,C2
8123,C2
8124,C2
8125,C2
8126,C2
8127,C2
8128,C2
8129,C2
8130,C2
8131,C2
8132,C2
8133,C2
8134,C2
8135,C2
8136,C2
8137,C2
8138,C2
8139,C2
8140,C2
8141,C2
8142,C2
8143,C2
8144,C2
8145,C2
8146,C2
8147,C2
8148,C2
8149,C2
8150,C2
8151,C2
8152,C2
8153,C2
8154,C2
8155,C2
8156,C2
8157,C2
8158,C2
8159,C2
8160,C2
8161,C2
8162,C2
8163,C2
8164,C2
8165,C2
8166,C2
8167,C2
8168,C2
8169,C2
8170,C2
8171,C2
8172,C2
8173,C2
8174,C2
8175,C2
8176,C2
8177,C2
8178,C2
8179,C2
8180,C2
8181,C2
8182,C2
8183,C2
8184,C2
8185,C2
8186,C2
8187,C2
8188,C2
8189,C2
8190,C2
8191,C2
8192,C2
8193,C2
8194,C2
8195,C2
8196,C2
8197,C2
8198,C2
8199,C2
8200,C2
8201,C2
8202,C2
8203,C2
8204,C2
8205,C2
8206,C2
8207,C2
8208,C2
8209,C2
8210,C2
8211,C2
8212,C2
8213,C2
8214,C2
8215,C2
8216,C2
8217,C2
8218,C2
8219,C2
8220,C2
8221,C2
8222,C2
8223,C2
8224,C2
8225,C2
8226,C2
8227,C2
8228,C2
8229,C2
8230,C2
8231,C2
8232,C2
8233,C2
8234,C2
8235,C2
8236,C2
8237,C2
8238,C2
8239,C2
8240,C2
8241,C2
8242,C2
8243,C2
8244,C2
8245,C2
8246,C2
8247,C2
8248,C2
8249,C2
8250,C2
8251,C2
8252,C2
8253,C2
8254,C2
8255,C2
8256,C2
8257,C2
8258,C2
8259,C2
8260,C2
8261,C2
8262,C2
8263,C2
8264,C2
8265,C2
8266,C2
8267,C2
8268,C2
8269,C2
8270,C2
8271,C2
8272,C2
8273,C2
8274,C2
8275,C2
8276,C2
8277,C2
8278,C2
8279,C2
8280,C2
8281,C2
8282,C2
8283,C2
8284,C2
8285,C2
8286,C2
8287,C2
8288,C2
8289,C2
8290,C2
8291,C2
8292,C2
8293,C2
8294,C2
8295,C2
8296,C2
8297,C2
8298,C2
8299,C2
8300,C2
8301,C2
8302,C2
8303,C2
8304,C2
8305,C2
8306,C2
8307,C2
8308,C2
8309,C2
8310,C2
8311,C2
8312,C2
8313,C2
8314,C2
8315,C2
8316,C2
8317,C2
8318,C2
8319,C2
8320,C2
8321,C2
8322,C2
8323,C2
8324,C2
8325,C2
8326,C2
8327,C2
8328,C2
8329,C2
8330,C2
8331,C2
8332,C2
8333,C2
8334,C2
8335,C2
8336,C2
8337,C2
8338,C2
8339,C2
8340,C2
8341,C2
8342,C2
8343,C2
8344,C2
8345,C2
8346,C2
8347,C2
8348,C2
8349,C2
8350,C2
8351,C2
8352,C2
8353,C2
8354,C2
8355,C2
8356,C2
8357,C2
8358,C2
8359,C2
8360,C2
8361,C2
8362,C2
8363,C2
8364,C2
8365,C2
8366,C2
8367,C2
8368,C2
8369,C2
8370,C2
8371,C2
8372,C2
8373,C2
8374,C2
8375,C2
8376,C2
8377,C2
8378,C2
8379,C2
8380,C2
8381,C2
8382,C2
8383,C2
8384,C2
8385,C2
8386,C2
8387,C2
8388,C2
8389,C2
8390,C2
8391,C2
8392,C2
8393,C2
8394,C2
8395,C2
8396,C2
8397,C2
8398,C2
8399,C2
8400,C2
8401,C2
8402,C2
8403,C2
8404,C2
8405,C2
8406,C2
8407,C2
8408,C2
8409,C2
8410,C2
8411,C2
8412,C2
8413,C2
8414,C2
8415,C2
8416,C2
8417,C2
8418,C2
8419,C2
8420,C2
8421,C2
8422,C2
8423,C2
8424,C2
8425,C2
8426,C2
8427,C2
8428,C2
8429,C2
8430,C2
8431,C2
8432,C2
8433,C2
8434,C2
8435,C2
8436,C2
8437,C2
8438,C2
8439,C2
8440,C2
8441,C2
8442,C2
8443,C2
8444,C2
8445,C2
8446,C2
8447,C2
8448,C2
8449,C2
8450,C2
8451,C2
8452,C2
8453,C2
8454,C2
8455,C2
8456,C2
8457,C2
8458,C2
8459,C2
8460,C2
8461,C2
8462,C2
8463,C2
8464,C2
8465,C2
8466,C2
8467,C2
8468,C2
8469,C2
8470,C2
8471,C2
8472,C2
8473,C2
8474,C2
8475,C2
8476,C2
8477,C2
8478,C2
8479,C2
8480,C2
8481,C2
8482,C2
8483,C2
8484,C2
8485,C2
8486,C2
8487,C2
8488,C2
8489,C2
8490,C2
8491,C2
8492,C2
8493,C2
8494,C2
8495,C2
8496,C2
8497,C2
8498,C2
8499,C2
8500,C2
8501,C2
8502,C2
8503,C2
8504,C2
8505,C2
8506,C2
8507,C2
8508,C2
8509,C2
8510,C2
8511,C2
8512,C2
8513,C2
8514,C2
8515,C2
8516,C2
8517,C2
8518,C2
8519,C2
8520,C2
8521,C2
8522,C2
8523,C2
8524,C2
8525,C2
8526,C2
8527,C2
8528,C2
8529,C2
8530,C2
8531,C2
8532,C2
8533,C2
8534,C2
8535,C2
8536,C2
8537,C2
8538,C2
8539,C2
8540,C2
8541,C2
8542,C2
8543,C2
8544,C2
8545,C2
8546,C2
8547,C2
8548,C2
8549,C2
8550,C2
8551,C2
8552,C2
8553,C2
8554,C2
8555,C2
8556,C2
8557,C2
8558,C2
8559,C2
8560,C2
8561,C2
8562,C2
8563,C2
8564,C2
8565,C2
8566,C2
8567,C2
8568,C2
8569,C2
8570,C2
8571,C2
8572,C2
8573,C2
8574,C2
8575,C2
8576,C2
8577,C2
8578,C2
8579,C2
8580,C2
8581,C2
8582,C2
8583,C2
8584,C2
8585,C2
8586,C2
8587,C2
8588,C2
8589,C2
8590,C2
8591,C2
8592,C2
8593,C2
8594,C2
8595,C2
8596,C2
8597,C2
8598,C2
8599,C2
8600,C2
8601,C2
8602,C2
8603,C2
8604,C2
8605,C2
8606,C2
8607,C2
8608,C2
8609,C2
8610,C2
8611,C2
8612,C2
8613,C2
8614,C2
8615,C2
8616,C2
8617,C2
8618,C2
8619,C2
8620,C2
8621,C2
8622,C2
8623,C2
8624,C2
8625,C2
8626,C2
8627,C2
8628,C2
8629,C2
8630,C2
8631,C2
8632,C2
8633,C2
8634,C2
8635,C2
8636,C2
8637,C2
8638,C2
8639,C2
8640,C2
8641,C2
8642,C2
8643,C2
8644,C2
8645,C2
8646,C2
8647,C2
8648,C2
8649,C2
8650,C2
8651,C2
8652,C2
8653,C2
8654,C2
8655,C2
8656,C2
8657,C2
8658,C2
8659,C2
8660,C2
8661,C2
8662,C2
8663,C2
8664,C2
8665,C2
8666,C2
8667,C2
8668,C2
8669,C2
8670,C2
8671,C2
8672,C2
8673,C2
8674,C2
8675,C2
8676,C2
8677,C2
8678,C2
8679,C2
8680,C2
8681,C2
8682,C2
8683,C2
8684,C2
8685,C2
8686,C2
8687,C2
8688,C2
8689,C2
8690,C2
8691,C2
8692,C2
8693,C2
8694,C2
8695,C2
8696,C2
8697,C2
8698,C2
8699,C2
8700,C2
8701,C2
8702,C2
8703,C2
8704,C2
8705,C2
8706,C2
8707,C2
8708,C2
8709,C2
8710,C2
8711,C2
8712,C2
8713,C2
8714,C2
8715,C2
8716,C2
8717,C2
8718,C2
8719,C2
8720,C2
8721,C2
8722,C2
8723,C2
8724,C2
8725,C2
8726,C2
8727,C2
8728,C2
8729,C2
8730,C2
8731,C2
8732,C2
8733,C2
8734,C2
8735,C2
8736,C2
8737,C2
8738,C2
8739,C2
8740,C2
8741,C2
8742,C2
8743,C2
8744,C2
8745,C2
8746,C2
8747,C2
8748,C2
8749,C2
8750,C2
8751,C2
8752,C2
8753,C2
8754,C2
8755,C2
8756,C2
8757,C2
8758,C2
8759,C2
8760,C2
8761,C2
8762,C2
8763,C2
8764,C2
8765,C2
8766,C2
8767,C2
8768,C2
8769,C2
8770,C2
8771,C2
8772,C2
8773,C2
8774,C2
8775,C2
8776,C2
8777,C2
8778,C2
8779,C2
8780,C2
8781,C2
8782,C2
8783,C2
8784,C2
8785,C2
8786,C2
8787,C2
8788,C2
8789,C2
8790,C2
8791,C2
8792,C2
8793,C2
8794,C2
8795,C2
8796,C2
8797,C2
8798,C2
8799,C2
8800,C2
8801,C2
8802,C2
8803,C2
8804,C2
8805,C2
8806,C2
8807,C2
8808,C2
8809,C2
8810,C2
8811,C2
8812,C2
8813,C2
8814,C2
8815,C2
8816,C2
8817,C2
8818,C2
8819,C2
8820,C2
8821,C2
8822,C2
8823,C2
8824,C2
8825,C2
8826,C2
8827,C2
8828,C2
8829,C2
8830,C2
8831,C2
8832,C2
8833,C2
8834,C2
8835,C2
8836,C2
8837,C2
8838,C2
8839,C2
8840,C2
8841,C2
8842,C2
8843,C2
8844,C2
8845,C2
8846,C2
8847,C2
8848,C2
8849,C2
8850,C2
8851,C2
8852,C2
8853,C2
8854,C2
8855,C2
8856,C2
8857,C2
8858,C2
8859,C2
8860,C2
8861,C2
8862,C2
8863,C2
8864,C2
8865,C2
8866,C2
8867,C2
8868,C2
8869,C2
8870,C2
8871,C2
8872,C2
8873,C2
8874,C2
8875,C2
8876,C2
8877,C2
8878,C2
8879,C2
8880,C2
8881,C2
8882,C2
8883,C2
8884,C2
8885,C2
8886,C2
8887,C2
8888,C2
8889,C2
8890,C2
8891,C2
8892,C2
8893,C2
8894,C2
8895,C2
8896,C2
8897,C2
8898,C2
8899,C2
8900,C2
8901,C2
8902,C2
8903,C2
8904,C2
8905,C2
8906,C2
8907,C2
8908,C2
8909,C2
8910,C2
8911,C2
8912,C2
8913,C2
8914,C2
8915,C2
8916,C2
8917,C2
8918,C2
8919,C2
8920,C2
8921,C2
8922,C2
8923,C2
8924,C2
8925,C2
8926,C2
8927,C2
8928,C2
8929,C2
8930,C2
8931,C2
8932,C2
8933,C2
8934,C2
8935,C2
8936,C2
8937,C2
8938,C2
8939,C2
8940,C2
8941,C2
8942,C2
8943,C2
8944,C2
8945,C2
8946,C2
8947,C2
8948,C2
8949,C2
8950,C2
8951,C2
8952,C2
8953,C2
8954,C2
8955,C2
8956,C2
8957,C2
8958,C2
8959,C2
8960,C2
8961,C2
8962,C2
8963,C2
8964,C2
8965,C2
8966,C2
8967,C2
8968,C2
8969,C2
8970,C2
8971,C2
8972,C2
8973,C2
8974,C2
8975,C2
8976,C2
8977,C2
8978,C2
8979,C2
8980,C2
8981,C2
8982,C2
8983,C2
8984,C2
8985,C2
8986,C2
8987,C2
8988,C2
8989,C2
8990,C2
8991,C2
8992,C2
8993,C2
8994,C2
8995,C2
8996,C2
8997,C2
8998,C2
8999,C2
9000,C2
9001,C2
9002,C2
9003,C2
9004,C2
9005,C2
9006,C2
9007,C2
9008,C2
9009,C2
9010,C2
9011,C2
9012,C2
9013,C2
9014,C2
9015,C2
9016,C2
9017,C2
9018,C2
9019,C2
9020,C2
9021,C2
9022,C2
9023,C2
9024,C2
9025,C2
9026,C2
9027,C2
9028,C2
9029,C2
9030,C2
9031,C2
9032,C2
9033,C2
9034,C2
9035,C2
9036,C2
9037,C2
9038,C2
9039,C2
9040,C2
9041,C2
9042,C2
9043,C2
9044,C2
9045,C2
9046,C2
9047,C2
9048,C2
9049,C2
9050,C2
9051,C2
9052,C2
9053,C2
9054,C2
9055,C2
9056,C2
9057,C2
9058,C2
9059,C2
9060,C2
9061,C2
9062,C2
9063,C2
9064,C2
9065,C2
9066,C2
9067,C2
9068,C2
9069,C2
9070,C2
9071,C2
9072,C2
9073,C2
9074,C2
9075,C2
9076,C2
9077,C2
9078,C2
9079,C2
9080,C2
9081,C2
9082,C2
9083,C2
9084,C2
9085,C2
9086,C2
9087,C2
9088,C2
9089,C2
9090,C2
9091,C2
9092,C2
9093,C2
9094,C2
9095,C2
9096,C2
9097,C2
9098,C2
9099,C2
9100,C2
9101,C2
9102,C2
9103,C2
9104,C2
9105,C2
9106,C2
9107,C2
9108,C2
9109,C2
9110,C2
9111,C2
9112,C2
9113,C2
9114,C2
9115,C2
9116,C2
9117,C2
9118,C2
9119,C2
9120,C2
9121,C2
9122,C2
9123,C2
9124,C2
9125,C2
9126,C2
9127,C2
9128,C2
9129,C2
9130,C2
9131,C2
9132,C2
9133,C2
9134,C2
9135,C2
9136,C2
9137,C2
9138,C2
9139,C2
9140,C2
9141,C2
9142,C2
9143,C2
9144,C2
9145,C2
9146,C2
9147,C2
9148,C2
9149,C2
9150,C2
9151,C2
9152,C2
9153,C2
9154,C2
9155,C2
9156,C2
9157,C2
9158,C2
9159,C2
9160,C2
9161,C2
9162,C2
9163,C2
9164,C2
9165,C2
9166,C2
9167,C2
9168,C2
9169,C2
9170,C2
9171,C2
9172,C2
9173,C2
9174,C2
9175,C2
9176,C2
9177,C2
9178,C2
9179,C2
9180,C2
9181,C2
9182,C2
9183,C2
9184,C2
9185,C2
9186,C2
9187,C2
9188,C2
9189,C2
9190,C2
9191,C2
9192,C2
9193,C2
9194,C2
9195,C2
9196,C2
9197,C2
9198,C2
9199,C2
9200,C2
9201,C2
9202,C2
9203,C2
9204,C2
9205,C2
9206,C2
9207,C2
9208,C2
9209,C2
9210,C2
9211,C2
9212,C2
9213,C2
9214,C2
9215,C2
9216,C2
9217,C2
9218,C2
9219,C2
9220,C2
9221,C2
9222,C2
9223,C2
9224,C2
9225,C2
9226,C2
9227,C2
9228,C2
9229,C2
9230,C2
9231,C2
9232,C2
9233,C2
9234,C2
9235,C2
9236,C2
9237,C2
9238,C2
9239,C2
9240,C2
9241,C2
9242,C2
9243,C2
9244,C2
9245,C2
9246,C2
9247,C2
9248,C2
9249,C2
9250,C2
9251,C2
9252,C2
9253,C2
9254,C2
9255,C2
9256,C2
9257,C2
9258,C2
9259,C2
9260,C2
9261,C2
9262,C2
9263,C2
9264,C2
9265,C2
9266,C2
9267,C2
9268,C2
9269,C2
9270,C2
9271,C2
9272,C2
9273,C2
9274,C2
9275,C2
9276,C2
9277,C2
9278,C2
9279,C2
9280,C2
9281,C2
9282,C2
9283,C2
9284,C2
9285,C2
9286,C2
9287,C2
9288,C2
9289,C2
9290,C2
9291,C2
9292,C2
9293,C2
9294,C2
9295,C2
9296,C2
9297,C2
9298,C2
9299,C2
9300,C2
9301,C2
9302,C2
9303,C2
9304,C2
9305,C2
9306,C2
9307,C2
9308,C2
9309,C2
9310,C2
9311,C2
9312,C2
9313,C2
9314,C2
9315,C2
9316,C2
9317,C2
9318,C2
9319,C2
9320,C2
9321,C2
9322,C2
9323,C2
9324,C2
9325,C2
9326,C2
9327,C2
9328,C2
9329,C2
9330,C2
9331,C2
9332,C2
9333,C2
9334,C2
9335,C2
9336,C2
9337,C2
9338,C2
9339,C2
9340,C2
9341,C2
9342,C2
9343,C2
9344,C2
9345,C2
9346,C2
9347,C2
9348,C2
9349,C2
9350,C2
9351,C2
9352,C2
9353,C2
9354,C2
9355,C2
9356,C2
9357,C2
9358,C2
9359,C2
9360,C2
9361,C2
9362,C2
9363,C2
9364,C2
9365,C2
9366,C2
9367,C2
9368,C2
9369,C2
9370,C2
9371,C2
9372,C2
9373,C2
9374,C2
9375,C2
9376,C2
9377,C2
9378,C2
9379,C2
9380,C2
9381,C2
9382,C2
9383,C2
9384,C2
9385,C2
9386,C2
9387,C2
9388,C2
9389,C2
9390,C2
9391,C2
9392,C2
9393,C2
9394,C2
9395,C2
9396,C2
9397,C2
9398,C2
9399,C2
9400,C2
9401,C2
9402,C2
9403,C2
9404,C2
9405,C2
9406,C2
9407,C2
9408,C2
9409,C2
9410,C2
9411,C2
9412,C2
9413,C2
9414,C2
9415,C2
9416,C2
9417,C2
9418,C2
9419,C2
9420,C2
9421,C2
9422,C2
9423,C2
9424,C2
9425,C2
9426,C2
9427,C2
9428,C2
9429,C2
9430,C2
9431,C2
9432,C2
9433,C2
9434,C2
9435,C2
9436,C2
9437,C2
9438,C2
9439,C2
9440,C2
9441,C2
9442,C2
9443,C2
9444,C2
9445,C2
9446,C2
9447,C2
9448,C2
9449,C2
9450,C2
9451,C2
9452,C2
9453,C2
9454,C2
9455,C2
9456,C2
9457,C2
9458,C2
9459,C2
9460,C2
9461,C2
9462,C2
9463,C2
9464,C2
9465,C2
9466,C2
9467,C2
9468,C2
9469,C2
9470,C2
9471,C2
9472,C2
9473,C2
9474,C2
9475,C2
9476,C2
9477,C2
9478,C2
9479,C2
9480,C2
9481,C2
9482,C2
9483,C2
9484,C2
9485,C2
9486,C2
9487,C2
9488,C2
9489,C2
9490,C2
9491,C2
9492,C2
9493,C2
9494,C2
9495,C2
9496,C2
9497,C2
9498,C2
9499,C2
9500,C2
9501,C2
9502,C2
9503,C2
9504,C2
9505,C2
9506,C2
9507,C2
9508,C2
9509,C2
9510,C2
9511,C2
9512,C2
9513,C2
9514,C2
9515,C2
9516,C2
9517,C2
9518,C2
9519,C2
9520,C2
9521,C2
9522,C2
9523,C2
9524,C2
9525,C2
9526,C2
9527,C2
9528,C2
9529,C2
9530,C2
9531,C2
9532,C2
9533,C2
9534,C2
9535,C2
9536,C2
9537,C2
9538,C2
9539,C2
9540,C2
9541,C2
9542,C2
9543,C2
9544,C2
9545,C2
9546,C2
9547,C2
9548,C2
9549,C2
9550,C2
9551,C2
9552,C2
9553,C2
9554,C2
9555,C2
9556,C2
9557,C2
9558,C2
9559,C2
9560,C2
9561,C2
9562,C2
9563,C2
9564,C2
9565,C2
9566,C2
9567,C2
9568,C2
9569,C2
9570,C2
9571,C2
9572,C2
9573,C2
9574,C2
9575,C2
9576,C2
9577,C2
9578,C2
9579,C2
9580,C2
9581,C2
9582,C2
9583,C2
9584,C2
9585,C2
9586,C2
9587,C2
9588,C2
9589,C2
9590,C2
9591,C2
9592,C2
9593,C2
9594,C2
9595,C2
9596,C2
9597,C2
9598,C2
9599,C2
9600,C2
9601,C2
9602,C2
9603,C2
9604,C2
9605,C2
9606,C2
9607,C2
9608,C2
9609,C2
9610,C2
9611,C2
9612,C2
9613,C2
9614,C2
9615,C2
9616,C2
9617,C2
9618,C2
9619,C2
9620,C2
9621,C2
9622,C2
9623,C2
9624,C2
9625,C2
9626,C2
9627,C2
9628,C2
9629,C2
9630,C2
9631,C2
9632,C2
9633,C2
9634,C2
9635,C2
9636,C2
9637,C2
9638,C2
9639,C2
9640,C2
9641,C2
9642,C2
9643,C2
9644,C2
9645,C2
9646,C2
9647,C2
9648,C2
9649,C2
9650,C2
9651,C2
9652,C2
9653,C2
9654,C2
9655,C2
9656,C2
9657,C2
9658,C2
9659,C2
9660,C2
9661,C2
9662,C2
9663,C2
9664,C2
9665,C2
9666,C2
9667,C2
9668,C2
9669,C2
9670,C2
9671,C2
9672,C2
9673,C2
9674,C2
9675,C2
9676,C2
9677,C2
9678,C2
9679,C2
9680,C2
9681,C2
9682,C2
9683,C2
9684,C2
9685,C2
9686,C2
9687,C2
9688,C2
9689,C2
9690,C2
9691,C2
9692,C2
9693,C2
9694,C2
9695,C2
9696,C2
9697,C2
9698,C2
9699,C2
9700,C2
9701,C2
9702,C2
9703,C2
9704,C2
9705,C2
9706,C2
9707,C2
9708,C2
9709,C2
9710,C2
9711,C2
9712,C2
9713,C2
9714,C2
9715,C2
9716,C2
9717,C2
9718,C2
9719,C2
9720,C2
9721,C2
9722,C2
9723,C2
9724,C2
9725,C2
9726,C2
9727,C2
9728,C2
9729,C2
9730,C2
9731,C2
9732,C2
9733,C2
9734,C2
9735,C2
9736,C2
9737,C2
9738,C2
9739,C2
9740,C2
9741,C2
9742,C2
9743,C2
9744,C2
9745,C2
9746,C2
9747,C2
9748,C2
9749,C2
9750,C2
9751,C2
9752,C2
9753,C2
9754,C2
9755,C2
9756,C2
9757,C2
9758,C2
9759,C2
9760,C2
9761,C2
9762,C2
9763,C2
9764,C2
9765,C2
9766,C2
9767,C2
9768,C2
9769,C2
9770,C2
9771,C2
9772,C2
9773,C2
9774,C2
9775,C2
9776,C2
9777,C2
9778,C2
9779,C2
9780,C2
9781,C2
9782,C2
9783,C2
9784,C2
9785,C2
9786,C2
9787,C2
9788,C2
9789,C2
9790,C2
9791,C2
9792,C2
9793,C2
9794,C2
9795,C2
9796,C2
9797,C2
9798,C2
9799,C2
9800,C2
9801,C2
9802,C2
9803,C2
9804,C2
9805,C2
9806,C2
9807,C2
9808,C2
9809,C2
9810,C2
9811,C2
9812,C2
9813,C2
9814,C2
9815,C2
9816,C2
9817,C2
9818,C2
9819,C2
9820,C2
9821,C2
9822,C2
9823,C2
9824,C2
9825,C2
9826,C2
9827,C2
9828,C2
9829,C2
9830,C2
9831,C2
9832,C2
9833,C2
9834,C2
9835,C2
9836,C2
9837,C2
9838,C2
9839,C2
9840,C2
9841,C2
9842,C2
9843,C2
9844,C2
9845,C2
9846,C2
9847,C2
9848,C2
9849,C2
9850,C2
9851,C2
9852,C2
9853,C2
9854,C2
9855,C2
9856,C2
9857,C2
9858,C2
9859,C2
9860,C2
9861,C2
9862,C2
9863,C2
9864,C2
9865,C2
9866,C2
9867,C2
9868,C2
9869,C2
9870,C2
9871,C2
9872,C2
9873,C2
9874,C2
9875,C2
9876,C2
9877,C2
9878,C2
9879,C2
9880,C2
9881,C2
9882,C2
9883,C2
9884,C2
9885,C2
9886,C2
9887,C2
9888,C2
9889,C2
9890,C2
9891,C2
9892,C2
9893,C2
9894,C2
9895,C2
9896,C2
9897,C2
9898,C2
9899,C2
9900,C2
9901,C2
9902,C2
9903,C2
9904,C2
9905,C2
9906,C2
9907,C2
9908,C2
9909,C2
9910,C2
9911,C2
9912,C2
9913,C2
9914,C2
9915,C2
9916,C2
9917,C2
9918,C2
9919,C2
9920,C2
9921,C2
9922,C2
9923,C2
9924,C2
9925,C2
9926,C2
9927,C2
9928,C2
9929,C2
9930,C2
9931,C2
9932,C2
9933,C2
9934,C2
9935,C2
9936,C2
9937,C2
9938,C2
9939,C2
9940,C2
9941,C2
9942,C2
9943,C2
9944,C2
9945,C2
9946,C2
9947,C2
9948,C2
9949,C2
9950,C2
9951,C2
9952,C2
9953,C2
9954,C2
9955,C2
9956,C2
9957,C2
9958,C2
9959,C2
9960,C2
9961,C2
9962,C2
9963,C2
9964,C2
9965,C2
9966,C2
9967,C2
9968,C2
9969,C2
9970,C2
9971,C2
9972,C2
9973,C2
9974,C2
9975,C2
9976,C2
9977,C2
9978,C2
9979,C2
9980,C2
9981,C2
9982,C2
9983,C2
9984,C2
9985,C2
9986,C2
9987,C2
9988,C2
9989,C2
9990,C2
9991,C2
9992,C2
9993,C2
9994,C2
9995,C2
9996,C2
9997,C2
9998,C2
9999,C2
10000,C2
